{
	"easycom": {
			"^u-(.*)": "uview-ui/components/u-$1/u-$1.vue"
		},
	"pages": [ //pages数组中第一项表示应用启动页，参考：https://uniapp.dcloud.io/collocation/pages
	{
		"path": "pages/artlice/artlice",
		"style": {
			"navigationBarTitleText": "首页"
		}
	},
		{
			"path": "pages/user/user",
			"style": {
				"navigationBarTitleText": "个人中心"
			}
		},
		
		{
			"path" : "pages/login/login",
			"style" : 
			{
				"navigationBarTitleText" : "登录",
				"enablePullDownRefresh" : false
			}
		},
		{
			"path" : "pages/userinfo/userinfo",
			"style" : 
			{
				"navigationBarTitleText" : "详情信息",
				"enablePullDownRefresh" : false
			}
		},
		{
			"path" : "pages/reg/reg",
			"style" : 
			{
				"navigationBarTitleText" : "注册",
				"enablePullDownRefresh" : false
			}
		},

		{
			"path" : "pages/edituserinfo/edituserinfo",
			"style" : 
			{
				"navigationBarTitleText" : "修改信息",
				"enablePullDownRefresh" : false
			}
		},
		{
			"path" : "pages/forgetpassword/forgetpassword",
			"style" : 
			{
				"navigationBarTitleText" : "修改密码",
				"enablePullDownRefresh" : false
			}
		},
		{
			"path" : "pages/detailwenwu/detailwenwu",
			"style" : 
			{
				"navigationBarTitleText" : "文物详情",
				"enablePullDownRefresh" : false
			}
		}
	],
	"globalStyle": {
		"navigationBarTextStyle": "white",
		"navigationBarTitleText": "掌上博物馆app",
		"navigationBarBackgroundColor": "#269fde",
		"backgroundColor": "#269fde"
	},
	"uniIdRouter": {},
	"tabBar": {
			"color": "#7A7E83",
			"selectedColor": "#269fde",
		"list": [
			{
				"iconPath": "static/artlice.png",
				"selectedIconPath": "static/artlice_select.png",
				"pagePath": "pages/artlice/artlice",
				"text": "首页"
			},
			{
				"iconPath": "static/user.png",
				"selectedIconPath": "static/user_select.png",
				"pagePath": "pages/user/user",
				"text": "个人中心"
			}
		]
	}
}